timestamp,open,high,low,close,volume
1653436800000,0.419,0.4199,0.4132,0.4134,1554347.0
1653440400000,0.4134,0.4141,0.4091,0.4133,1799417.0
1653444000000,0.4133,0.4222,0.4112,0.419,2805575.0
1653447600000,0.4191,0.42,0.4144,0.4187,1238964.0
1653451200000,0.4187,0.4189,0.413,0.4134,1328623.0
1653454800000,0.4132,0.4149,0.4077,0.4099,1661519.0
1653458400000,0.4098,0.4125,0.4055,0.4113,2019555.0
1653462000000,0.4112,0.4115,0.4063,0.4074,1154602.0
1653465600000,0.4075,0.4104,0.4039,0.4089,1561531.0
1653469200000,0.4089,0.4118,0.4059,0.4095,1439458.0
1653472800000,0.4093,0.4103,0.4042,0.4044,1184397.0
1653476400000,0.4045,0.4061,0.399,0.4001,2415884.0
1653480000000,0.4,0.4043,0.3988,0.4035,1937880.0
1653483600000,0.4034,0.41,0.4033,0.4074,2668205.0
1653487200000,0.4073,0.4088,0.4047,0.4062,1982657.0
1653490800000,0.4062,0.408,0.4026,0.4072,1847694.0
1653494400000,0.4071,0.4085,0.4032,0.4056,1371816.0
1653498000000,0.4055,0.4064,0.4032,0.4045,1035164.0
1653501600000,0.4046,0.4089,0.4006,0.4087,3040379.0
1653505200000,0.4086,0.4103,0.4042,0.405,1526466.0
1653508800000,0.405,0.4075,0.4033,0.4072,1342659.0
1653512400000,0.4071,0.4091,0.4058,0.4087,815670.0
1653516000000,0.4087,0.41,0.4059,0.4085,2483864.0
1653519600000,0.4084,0.4086,0.4041,0.4057,1523499.0
1653523200000,0.4058,0.4127,0.4047,0.4087,2764347.0
1653526800000,0.4088,0.4092,0.4025,0.4033,1604324.0
1653530400000,0.4034,0.4082,0.4033,0.407,1245991.0
1653534000000,0.407,0.4075,0.4024,0.406,1331913.0
1653537600000,0.4061,0.4063,0.402,0.4024,955128.0
1653541200000,0.4025,0.4048,0.3924,0.3936,2750564.0
1653544800000,0.3936,0.3954,0.3873,0.3948,4505587.0
1653548400000,0.3948,0.3965,0.3906,0.3954,2505093.0
1653552000000,0.3955,0.3956,0.3729,0.3778,6365414.0
1653555600000,0.3778,0.3807,0.3748,0.3797,2886021.0
1653559200000,0.3795,0.382,0.3786,0.3805,1702260.0
1653562800000,0.3804,0.3824,0.3763,0.3797,5317602.0
1653566400000,0.3797,0.382,0.3773,0.3805,2832027.0
1653570000000,0.3805,0.3825,0.3664,0.3805,6959685.0
1653573600000,0.3806,0.3904,0.3803,0.3895,3046520.0
1653577200000,0.3894,0.3942,0.3882,0.3907,1882137.0
1653580800000,0.3907,0.3995,0.39,0.3947,2626883.0
1653584400000,0.3948,0.3959,0.3882,0.3898,1192470.0
1653588000000,0.3898,0.3904,0.3841,0.3842,1272760.0
1653591600000,0.3842,0.3848,0.3795,0.3798,1370118.0
1653595200000,0.3797,0.3832,0.3782,0.3821,1258300.0
1653598800000,0.3822,0.3889,0.3821,0.3884,930237.0
1653602400000,0.3882,0.3901,0.3842,0.3851,891965.0
1653606000000,0.3851,0.389,0.3789,0.3794,1982835.0
1653609600000,0.3794,0.3847,0.3758,0.3767,1769602.0
1653613200000,0.3768,0.3784,0.3657,0.3673,2387427.0
1653616800000,0.3674,0.3718,0.3632,0.3679,2970373.0
1653620400000,0.3679,0.377,0.3674,0.3745,1725521.0
1653624000000,0.3746,0.3779,0.3664,0.3671,1995513.0
1653627600000,0.3671,0.3699,0.3588,0.3618,3685253.0
1653631200000,0.3619,0.3708,0.3561,0.369,4136867.0
1653634800000,0.3689,0.3743,0.3674,0.3686,2446433.0
1653638400000,0.3685,0.3709,0.3648,0.3654,2353431.0
1653642000000,0.3655,0.3741,0.3644,0.372,2631484.0
1653645600000,0.3719,0.3744,0.3657,0.3668,2273510.0
1653649200000,0.3668,0.3765,0.3661,0.3742,2340245.0
1653652800000,0.3742,0.383,0.3722,0.3791,3174366.0
1653656400000,0.379,0.3816,0.3756,0.3809,2195272.0
1653660000000,0.381,0.3813,0.3691,0.3706,2032172.0
1653663600000,0.3704,0.3744,0.367,0.3681,2916896.0
1653667200000,0.3681,0.3701,0.3629,0.3645,2214105.0
1653670800000,0.3645,0.3671,0.3571,0.3604,3208755.0
1653674400000,0.3604,0.3629,0.3555,0.3583,2247321.0
1653678000000,0.3583,0.367,0.356,0.3638,2268299.0
1653681600000,0.3637,0.3682,0.3625,0.3637,1845894.0
1653685200000,0.3638,0.3674,0.3619,0.3619,753422.0
1653688800000,0.3618,0.3659,0.3603,0.363,734992.0
1653692400000,0.363,0.3639,0.3565,0.3606,1869825.0
1653696000000,0.3606,0.3744,0.3602,0.3699,3401830.0
1653699600000,0.37,0.3715,0.3606,0.3611,1689459.0
1653703200000,0.3612,0.3643,0.3555,0.3583,2500400.0
1653706800000,0.3583,0.3664,0.3549,0.3656,2287872.0
1653710400000,0.366,0.366,0.361,0.364,1404332.0
1653714000000,0.364,0.3716,0.3622,0.3693,2788772.0
1653717600000,0.3693,0.3697,0.3663,0.367,1450054.0
1653721200000,0.3671,0.3675,0.3582,0.3604,5580581.0
1653724800000,0.3605,0.3635,0.3586,0.3611,1424563.0
1653728400000,0.3612,0.3624,0.359,0.3603,1344845.0
1653732000000,0.3601,0.3648,0.3589,0.3625,1547069.0
1653735600000,0.3625,0.3674,0.361,0.364,1645851.0
1653739200000,0.3638,0.3674,0.3622,0.3653,1532421.0
1653742800000,0.3653,0.3686,0.3638,0.3649,2243423.0
1653746400000,0.3649,0.3664,0.3618,0.3638,1447835.0
1653750000000,0.3639,0.3702,0.3627,0.3669,1795462.0
1653753600000,0.3669,0.3712,0.365,0.3679,1447920.0
1653757200000,0.3679,0.3685,0.3636,0.3654,1780366.0
1653760800000,0.3656,0.3688,0.3654,0.3682,881075.0
1653764400000,0.3683,0.3696,0.3649,0.3678,1392392.0
1653768000000,0.3678,0.3684,0.3651,0.367,1050674.0
1653771600000,0.367,0.368,0.3644,0.3644,689077.0
1653775200000,0.3645,0.3645,0.3595,0.3609,1392741.0
1653778800000,0.3608,0.37,0.3607,0.3674,1999697.0
1653782400000,0.3673,0.3704,0.3616,0.3638,2060163.0
1653786000000,0.3638,0.364,0.3575,0.359,2577353.0
1653789600000,0.3589,0.3589,0.3527,0.3539,3472061.0
1653793200000,0.354,0.3597,0.3527,0.3592,1535478.0
1653796800000,0.3589,0.3601,0.3547,0.3569,1412184.0
1653800400000,0.3566,0.3601,0.3561,0.3601,1067039.0
1653804000000,0.3601,0.3614,0.3577,0.3605,852928.0
1653807600000,0.3605,0.361,0.3573,0.36,1242762.0
1653811200000,0.3601,0.3652,0.359,0.3636,2300039.0
1653814800000,0.3636,0.3651,0.3609,0.3622,1954360.0
1653818400000,0.3622,0.3693,0.362,0.3676,3084757.0
1653822000000,0.368,0.3708,0.3662,0.3702,1766495.0
1653825600000,0.3704,0.3761,0.37,0.3741,2928009.0
1653829200000,0.3741,0.3764,0.372,0.3729,1474216.0
1653832800000,0.373,0.3747,0.3715,0.3718,1223954.0
1653836400000,0.3717,0.3717,0.368,0.3693,1335523.0
1653840000000,0.3695,0.3741,0.3691,0.3717,1079317.0
1653843600000,0.3717,0.3733,0.3693,0.3719,1103025.0
1653847200000,0.3718,0.3744,0.3713,0.3742,900105.0
1653850800000,0.3742,0.3754,0.372,0.3732,1294793.0
1653854400000,0.3729,0.376,0.3728,0.3748,907586.0
1653858000000,0.3749,0.3759,0.3732,0.3753,443708.0
1653861600000,0.3753,0.3776,0.3731,0.376,2310472.0
1653865200000,0.3761,0.38,0.3758,0.3788,1394967.0
1653868800000,0.3789,0.3799,0.3763,0.3782,1289335.0
1653872400000,0.3782,0.3875,0.3778,0.3873,2380872.0
1653876000000,0.3874,0.3938,0.3866,0.3915,3455496.0
1653879600000,0.3915,0.3943,0.3877,0.3897,2244527.0
1653883200000,0.3898,0.3913,0.3884,0.3895,1395536.0
1653886800000,0.3895,0.3951,0.3889,0.3947,2054776.0
1653890400000,0.3946,0.4031,0.3938,0.4015,3902380.0
1653894000000,0.4016,0.4082,0.3999,0.4072,2510475.0
1653897600000,0.4072,0.4086,0.4051,0.4076,2301329.0
1653901200000,0.4075,0.4099,0.4032,0.4086,3032461.0
1653904800000,0.4085,0.41,0.4026,0.4026,2126552.0
1653908400000,0.4027,0.4052,0.401,0.4028,1589244.0
1653912000000,0.4027,0.407,0.3962,0.3994,2980120.0
1653915600000,0.3994,0.4002,0.3961,0.3988,2168574.0
1653919200000,0.399,0.4041,0.3983,0.3993,1551804.0
1653922800000,0.3993,0.4058,0.399,0.4034,1391632.0
1653926400000,0.4034,0.4067,0.4009,0.4034,2305693.0
1653930000000,0.4033,0.4067,0.4024,0.4059,946524.0
1653933600000,0.4059,0.4073,0.4018,0.405,1525016.0
1653937200000,0.4049,0.4092,0.404,0.4059,1256318.0
1653940800000,0.4059,0.4139,0.4045,0.4135,3348796.0
1653944400000,0.4136,0.42,0.4097,0.4126,3162409.0
1653948000000,0.4126,0.4153,0.4092,0.4151,2573608.0
1653951600000,0.4152,0.4238,0.4129,0.4201,2969307.0
1653955200000,0.4201,0.4228,0.4107,0.4121,2802119.0
1653958800000,0.4122,0.4137,0.4085,0.4125,1872409.0
1653962400000,0.4124,0.4255,0.4122,0.4223,2765779.0
1653966000000,0.4223,0.4245,0.4158,0.4161,2407107.0
1653969600000,0.416,0.4194,0.4132,0.4167,1429319.0
1653973200000,0.4169,0.42,0.4119,0.4159,2645800.0
1653976800000,0.4159,0.4182,0.4072,0.4096,4123203.0
1653980400000,0.4096,0.4119,0.4058,0.4114,2201000.0
1653984000000,0.4115,0.4154,0.41,0.4119,2121404.0
1653987600000,0.4119,0.4125,0.405,0.4084,1970153.0
1653991200000,0.4082,0.4129,0.4075,0.4121,1769374.0
1653994800000,0.4122,0.4188,0.4118,0.4155,1819436.0
1653998400000,0.4156,0.4176,0.4087,0.4103,2186280.0
1654002000000,0.4103,0.4198,0.3969,0.4022,6809098.0
1654005600000,0.402,0.4087,0.3954,0.4082,3022118.0
1654009200000,0.4081,0.4159,0.4029,0.4123,2424767.0
1654012800000,0.4123,0.4213,0.4057,0.4137,5921084.0
1654016400000,0.4136,0.4144,0.4068,0.4116,2314082.0
1654020000000,0.4116,0.4128,0.4023,0.4036,1932880.0
1654023600000,0.4036,0.4064,0.4015,0.4045,2313774.0
1654027200000,0.4047,0.411,0.4047,0.411,872985.0
1654030800000,0.411,0.4121,0.4085,0.4092,720213.0
1654034400000,0.4094,0.4141,0.4086,0.4138,1175412.0
1654038000000,0.414,0.4147,0.4094,0.4113,1290052.0
1654041600000,0.4112,0.4246,0.4106,0.4219,5094473.0
